IATA,Longitude,Latitude
BTI,-143.5820007,70.13400269
LUR,-166.1100006,68.87509918
PIZ,-163.0050049,69.73290253
ITO,-155.0480042,19.72139931
ORL,-81.332901,28.5454998
BTT,-151.529007,66.91390228
Z84,-149.119995,64.301201
UTO,-153.7039948,65.99279785
FYU,-145.25,66.57150269
SVW,-155.5740051,61.09740067
FRN,-149.6529999,61.26639938
TLJ,-155.977005,62.89440155
CZF,-166.0390015,61.78030014
BED,-71.28900146,42.47000122
SNP,-170.2200012,57.16730118
EHM,-162.0630035,58.64640045
STG,-169.6620026,56.57830048
ILI,-154.9109955,59.75439835
PTU,-161.8200073,59.01139832
BMX,-155.2590027,59.36119843
OSC,-83.39409637,44.45159912
OAR,-121.762001,36.68190002
MHR,-121.2979965,38.55390167
BYS,-116.6299973,35.2804985
NXP,-116.1620026,34.2961998
FSM,-94.36740112,35.33660126
MRI,-149.8439941,61.21350098
GNT,-107.9020004,35.16730118
PNC,-97.09980011,36.73199844
SVN,-81.14569855,32.00999832
GFK,-97.176102,47.949299
PBF,-91.93560028,34.17309952
NSE,-87.02189636,30.7241993
HNM,-156.0140076,20.79560089
PRC,-112.4199982,34.65449905
TTN,-74.81349945,40.27669907
BOS,-71.00520325,42.36429977
SUU,-121.927002,38.26269913
RME,-75.40699768,43.23379898
ENV,-114.0309982,40.71870041
BFM,-88.06809998,30.62680054
OAK,-122.2210007,37.72129822
OMA,-95.89409637,41.30319977
NOW,-123.4140015,48.14149857
OGG,-156.4299927,20.89859962
ICT,-97.43309784,37.64989853
MCI,-94.713898,39.2976
MSN,-89.33750153,43.13990021
DLG,-158.5050049,59.04470062
HRO,-93.15470123,36.26150131
PHX,-112.012001,33.43429947
BGR,-68.82810211,44.80739975
FXE,-80.17070007,26.19729996
GGG,-94.71150208,32.38399887
AND,-82.70939636,34.49459839
GEG,-117.5339966,47.61989975
HWO,-80.24069977,26.00119972
SFO,-122.375,37.61899948
CTB,-112.3759995,48.60839844
ARA,-91.883904,30.0378
GNV,-82.27179718,29.69009972
MEM,-89.97669983,35.04240036
DUG,-109.6039963,31.46899986
BIG,-145.7220001,63.99449921
CNW,-97.07409668,31.63780022
ANN,-131.5720062,55.04240036
CAR,-68.01789856,46.87149811
LRF,-92.14969635,34.91690063
HUA,-86.68479919,34.67869949
POB,-79.01450348,35.17089844
DHT,-102.5469971,36.02259827
DLF,-100.7779999,29.35950089
LAX,-118.4079971,33.94250107
ANB,-85.85810089,33.58819962
CLE,-81.84980011,41.4117012
DOV,-75.46600342,39.12950134
CVG,-84.6678009,39.04880142
FME,-76.75939941,39.08539963
NID,-117.6920013,35.6853981
HON,-98.22850037,44.3852005
JNU,-134.576004,58.35499954
LFT,-91.98760223,30.20529938
EWR,-74.16870117,40.69250107
BOI,-116.2229996,43.56439972
INS,-115.6729965,36.58720016
GCK,-100.723999,37.92750168
MOT,-101.2799988,48.25939941
HHI,-158.0399933,21.48349953
MXF,-86.36579895,32.38290024
\N,-92.30020142,34.85010147
DAL,-96.85179901,32.8470993
FCS,-104.7570038,38.67839813
HLN,-111.9830017,46.60680008
NKX,-117.1429977,32.86840057
LUF,-112.3830032,33.53499985
\N,-86.68930054,30.42779922
HHR,-118.334999,33.922798
HUL,-67.792099,46.12310028
END,-97.91649628,36.33919907
NTD,-119.1210022,34.12030029
EDW,-117.884003,34.905399
LCH,-93.22329712,30.12610054
KOA,-156.0460052,19.73880005
MYR,-78.92829895,33.67969894
NLC,-119.9520035,36.33300018
ACK,-70.06020355,41.25310135
FAF,-76.6088028,37.13249969
HOP,-87.49620056,36.66859818
DCA,-77.037697,38.8521
NHK,-76.41179657,38.2859993
PSX,-96.25099945,28.72750092
BYH,-89.94400024,35.96429825
ACY,-74.57720184,39.45759964
TIK,-97.38659668,35.41469955
PUB,-104.4970016,38.28910065
PQI,-68.0447998,46.68899918
GRF,-122.5810013,47.07920074
ADQ,-152.4940033,57.75
UPP,-155.8600006,20.26530075
FLL,-80.15270233,26.07259941
MKO,-95.36669922,35.65650177
INL,-93.40309906,48.56620026
SLC,-111.9779968,40.78839874
CDS,-100.288002,34.43379974
BIX,-88.92440033,30.41040039
LSF,-84.99130249,32.33729935
FRI,-96.76450348,39.05530167
MDT,-76.76339722,40.19350052
LNK,-96.75920105,40.85100174
LAN,-84.58740234,42.77870178
MUE,-155.6679993,20.00130081
MSS,-74.84559631,44.93579865
HKY,-81.38950348,35.74110031
SPG,-82.6269989,27.76510048
FMY,-81.86329651,26.58659935
IAH,-95.34140015,29.9843998
MLT,-68.68560028,45.64780045
ADW,-76.86699677,38.81079865
INT,-80.22200012,36.13370132
VCV,-117.3830032,34.59749985
CEW,-86.52210236,30.77879906
GTB,-75.71949768,44.05559921
PHN,-82.52890015,42.9109993
BFL,-119.0569992,35.43360138
ELP,-106.3779984,31.80719948
HRL,-97.65440369,26.22850037
CAE,-81.11949921,33.93880081
DMA,-110.8830032,32.16650009
NPA,-87.31860352,30.35269928
PNS,-87.18659973,30.47340012
RDR,-97.40119934,47.96110153
HOU,-95.27890015,29.64539909
BKF,-104.7519989,39.7016983
ORT,-141.9290009,62.9612999
PAQ,-149.0890045,61.59489822
PIT,-80.23290253,40.49150085
BRW,-156.766008,71.285402
EFD,-95.15879822,29.6072998
NUW,-122.6559982,48.35179901
ALI,-98.02690125,27.74090004
VAD,-83.19300079,30.96780014
MIA,-80.29060364,25.79319954
SEA,-122.3089981,47.44900131
CHA,-85.20379639,35.03530121
BDR,-73.12619781,41.16350174
JAN,-90.07589722,32.31119919
GLS,-94.86039734,29.26530075
LGB,-118.1520004,33.81769943
HDH,-158.1970062,21.5795002
IPT,-76.9210968,41.2417984
IND,-86.294403,39.7173
SZL,-93.54789734,38.7303009
AKC,-81.46690369,41.03749847
GWO,-90.08470154,33.49430084
HPN,-73.70760345,41.06700134
FOK,-72.63179779,40.84370041
JBR,-90.64640045,35.83169937
\N,-116.7809982,37.79880142
LNA,-80.08509827,26.59300041
NZY,-117.2149963,32.69919968
BIF,-106.3799973,31.84950066
YUM,-114.6060028,32.65660095
CNM,-104.2630005,32.33750153
DLH,-92.19360352,46.84209824
BET,-161.8379974,60.77980042
LOU,-85.66369629,38.22800064
FHU,-110.3440018,31.58849907
LIH,-159.3390045,21.97599983
HUF,-87.30760193,39.45149994
HVR,-109.762001,48.54299927
MWH,-119.3199997,47.20769882
MPV,-72.56230164,44.20349884
\N,-119.4580002,33.2397995
RIC,-77.31970215,37.50519943
SHV,-93.82559967,32.44660187
CDV,-145.4779968,60.4917984
ORF,-76.20120239,36.89459991
BPT,-94.02069855,29.95079994
SAV,-81.20210266,32.12760162
HIF,-111.973086,41.12403
OME,-165.4450073,64.5121994
\N,-122.8619995,45.77099991
PIE,-82.68740082,27.91020012
MNM,-87.63839722,45.12670135
CXO,-95.41449738,30.35180092
SCC,-148.4649963,70.19470215
SAT,-98.46980286,29.53370094
ROC,-77.67240143,43.1189003
COF,-80.61009979,28.23489952
TEB,-74.06079865,40.85010147
RCA,-103.1039963,44.14500046
RDU,-78.78749847,35.87760162
DAY,-84.2193985,39.90240097
ENA,-151.2449951,60.57310104
MLC,-95.78350067,34.88240051
IAG,-78.94619751,43.1072998
CFD,-96.33139801,30.71570015
\N,-81.56230164,31.88909912
PHF,-76.49299622,37.13190079
ESF,-92.29579926,31.39489937
LTS,-99.26670074,34.667099
TUS,-110.9410019,32.11610031
MIB,-101.3580017,48.41559982
BAB,-121.4369965,39.13610077
IKK,-87.84629822,41.07139969
GSB,-77.96060181,35.33940125
PVD,-71.42040253,41.73260117
SBY,-75.51029968,38.34049988
RIU,-121.1029968,38.48680115
BUR,-118.3590012,34.20069885
DTW,-83.35340118,42.21239853
TPA,-82.53320313,27.97550011
PMB,-97.24079895,48.94250107
POE,-93.1917038,31.0447998
EIL,-147.102005,64.66570282
HIB,-92.83899689,47.38660049
LFK,-94.75,31.23399925
MAF,-102.2020035,31.94249916
GRB,-88.12960052,44.48509979
ADM,-97.0196342,34.30301
WRI,-74.59169769,40.0155983
\N,-76.88069916,34.90090179
SBO,-82.36990356,32.60910034
AGS,-81.96450043,33.36989975
ISN,-103.6419983,48.17789841
LIT,-92.22429657,34.72940063
SWF,-74.10479736,41.5041008
BDE,-94.61219788,48.72840118
SAC,-121.4929962,38.51250076
HOM,-151.477005,59.64559937
TBN,-92.14070129,37.74160004
MGE,-84.51629639,33.91540146
SKA,-117.6559982,47.61510086
HTL,-84.671095,44.359798
PAM,-85.57540131,30.06959915
DFW,-97.03800201,32.89680099
MLB,-80.64530182,28.10280037
TCM,-122.4759979,47.13769913
AUS,-97.66989899,30.19449997
LCK,-82.927803,39.813801
MQT,-87.395401,46.35359955
TYS,-83.9940033,35.81100082
HLR,-97.71450043,31.13870049
STL,-90.37000275,38.74869919
MIV,-75.07219696,39.36780167
SPS,-98.49189758,33.98880005
LUK,-84.41860199,39.10329819
ATL,-84.42810059,33.63669968
MER,-120.5680008,37.38050079
MCC,-121.401001,38.66759872
GRR,-85.52279663,42.88079834
INK,-103.2009964,31.77960014
FAT,-119.7180023,36.77619934
VRB,-80.41790009,27.65559959
IPL,-115.5790024,32.83420181
BNA,-86.67819977,36.12450027
LRD,-99.46160126,27.54380035
EDF,-149.8070068,61.25099945
OTZ,-162.598999,66.88469696
AOO,-78.31999969,40.29639816
DYS,-99.854599,32.42079926
ELD,-92.81330109,33.22100067
LGA,-73.87259674,40.77719879
TLH,-84.35030365,30.39649963
DPA,-88.24859619,41.90779877
ACT,-97.23049927,31.61129951
AUG,-69.79730225,44.3205986
INJ,-97.09719849,32.08349991
MKL,-88.91560364,35.59989929
MKK,-157.095993,21.1529007
FTK,-85.9720993,37.90710068
\N,-77.43969727,34.70840073
SJT,-100.4960022,31.35770035
CXL,-115.5130005,32.66949844
CIC,-121.8580017,39.79539871
BTV,-73.15329742,44.47190094
JAX,-81.68789673,30.49410057
DRO,-107.7539978,37.1515007
IAD,-77.45580292,38.94449997
CLL,-96.36380005,30.58860016
SFF,-117.322998,47.68280029
MKE,-87.89659882,42.94720078
ABI,-99.68190002,32.41130066
COU,-92.21959686,38.81809998
PDX,-122.5979996,45.58869934
TNT,-80.89700317,25.86179924
PBI,-80.09559631,26.68320084
FTW,-97.36239624,32.81980133
OGS,-75.46549988,44.68190002
BFI,-122.302002,47.52999878
SKF,-98.58110046,29.38419914
HNL,-157.9219971,21.31870079
DSM,-93.6631012,41.5340004
EWN,-77.04290009,35.07300186
SAN,-117.1900024,32.73360062
MLU,-92.03769684,32.51089859
SSC,-80.47059631,33.97269821
ONT,-117.6009979,34.05599976
GVT,-96.06529999,33.06779861
ROW,-104.5309982,33.30160141
DET,-83.00990295,42.40919876
BRO,-97.42590332,25.90679932
DHN,-85.44960022,31.32130051
WWD,-74.90830231,39.00849915
MTC,-82.83550262,42.60829926
FMN,-108.2300034,36.74119949
CRP,-97.50119781,27.77039909
SYR,-76.10630035,43.11119843
NQX,-81.68890381,24.57579994
MDW,-87.75240326,41.7859993
SJC,-121.9290009,37.36259842
HOB,-103.2170029,32.6875
PNE,-75.01059723,40.08190155
DEN,-104.6729965,39.86169815
PHL,-75.2410965,39.87189865
SUX,-96.38439941,42.40259933
MCN,-83.64920044,32.69279861
TCS,-107.2720032,33.23690033
PMD,-118.0849991,34.62939835
RND,-98.27890015,29.52969933
NJK,-115.6719971,32.82920074
CMH,-82.89189911,39.9980011
FYV,-94.17009735,36.00510025
FSI,-98.40219879,34.64979935
PNM,-93.60820007,45.55989838
FFO,-84.0483017,39.8260994
GAL,-156.9369965,64.73619843
\N,-111.810997,33.2691
MWL,-98.06020355,32.78160095
IAB,-97.26820374,37.62189865
NBG,-90.03500366,29.82530022
BFT,-80.63439941,32.41220093
TXK,-93.99099731,33.45370102
PBG,-73.4681015,44.65090179
APG,-76.1688,39.466202
TCC,-103.6029968,35.18280029
ANC,-149.9960022,61.17440033
GRK,-97.8289032,31.06719971
ZUN,-108.7919998,35.08319855
BLI,-122.538002,48.7928009
NQA,-89.87030029,35.3567009
EKN,-79.85710144,38.88940048
HFD,-72.6493988,41.73669815
SFZ,-71.49140167,41.92079926
MOB,-88.24279785,30.69120026
NUQ,-122.0490036,37.41609955
SAF,-106.0889969,35.61709976
BKH,-159.7850037,22.02280045
DRI,-93.33989716,30.83169937
BSF,-155.5540009,19.76009941
OLS,-110.8479996,31.41769981
MCF,-82.52120209,27.84930038
BLV,-89.835197,38.5452
OPF,-80.27839661,25.90699959
DRT,-100.927002,29.37420082
RSW,-81.75520325,26.53619957
AKN,-156.6490021,58.67679977
MUI,-76.56939697,40.43479919
JHM,-156.6730042,20.96290016
JFK,-73.77890015,40.63980103
HST,-80.38359833,25.48859978
RAL,-117.4449997,33.95190048
FLV,-94.91470337,39.36830139
WAL,-75.46640015,37.94020081
HMN,-106.1070023,32.85250092
NXX,-75.14820099,40.19979858
CYS,-104.8119965,41.15570068
SCK,-121.237999,37.89419937
CHS,-80.04049683,32.89860153
RNO,-119.7679977,39.49909973
KTN,-131.7140045,55.35559845
YIP,-83.53040314,42.23789978
VBG,-120.5839996,34.73730087
BHM,-86.75350189,33.56290054
NEL,-74.353302,40.03329849
LSV,-115.0339966,36.23619843
RIV,-117.2590027,33.88069916
MOD,-120.9540024,37.62580109
SMF,-121.5910034,38.69540024
UGN,-87.86789703,42.42219925
COS,-104.7009964,38.80580139
BUF,-78.73220062,42.94049835
SKY,-82.65229797,41.4333992
PAE,-122.2819977,47.90629959
MUO,-115.872002,43.043598
CDC,-113.098999,37.70100021
BDL,-72.68319702,41.93889999
MFE,-98.23860168,26.17580032
NGU,-76.28929901,36.93759918
CEF,-72.53479767,42.19400024
LBB,-101.822998,33.66360092
ORD,-87.90480042,41.97859955
BCT,-80.10769653,26.37849998
FAI,-147.8560028,64.81510162
NYG,-77.30529785,38.50170135
CVS,-103.3219986,34.38280106
NGF,-157.7680054,21.45050049
OFF,-95.91249847,41.11830139
GKN,-145.4570007,62.1548996
ART,-76.021698,43.9919014
PSP,-116.5070038,33.82970047
AMA,-101.7060013,35.2193985
FOD,-94.19259644,42.55149841
BAD,-93.66269684,32.50180054
FOE,-95.66359711,38.95090103
COT,-99.22029877,28.45669937
ILM,-77.90260315,34.27059937
BTR,-91.14959717,30.53319931
TYR,-95.40239716,32.35409927
BWI,-76.66829681,39.17539978
HBR,-99.051313,34.991317
LNY,-156.951004,20.78560066
AEX,-92.54979706,31.32740021
WSD,-106.4029999,32.34149933
CDB,-162.7250061,55.20610046
TUL,-95.88809967,36.19839859
SIT,-135.3619995,57.04710007
ISP,-73.10019684,40.79520035
MSP,-93.22180176,44.88199997
ILG,-75.60649872,39.67869949
DUT,-166.5440063,53.90010071
MSY,-90.25800323,29.99340057
PWM,-70.30930328,43.64619827
OKC,-97.60070038,35.39310074
ALB,-73.80169678,42.74829865
VDZ,-146.2480011,61.13389969
LFI,-76.36049652,37.082901
SNA,-117.8679962,33.67570114
CBM,-88.44380188,33.64379883
TMB,-80.43280029,25.64789963
NTU,-76.03350067,36.8207016
GUS,-86.15209961,40.64810181
CPR,-106.4639969,42.90800095
VPS,-86.525398,30.4832
SEM,-86.9878006,32.34389877
EYW,-81.75959778,24.55610085
CLT,-80.94309998,35.2140007
LAS,-115.1520004,36.08010101
MCO,-81.30899811,28.42939949
FLO,-79.72389984,34.1853981
GTF,-111.3710022,47.48199844
YNG,-80.67910004,41.26070023
FBK,-147.6139984,64.83750153
MMV,-123.1360016,45.19440079
WRB,-83.59190369,32.64009857
PUW,-117.110001,46.7439
LWS,-117.0149994,46.37450027
ELM,-76.89160156,42.15990067
ITH,-76.45839691,42.49100113
MRY,-121.8430023,36.5870018
SBA,-119.8399963,34.42620087
DAB,-81.058098,29.179899
TKA,-150.0939941,62.32049942
HVN,-72.88680267,41.26369858
AVL,-82.54180145,35.43619919
GSO,-79.93730164,36.09780121
FSD,-96.74189758,43.58200073
MHT,-71.43569946,42.93259811
APF,-81.77529907,26.15259933
SDF,-85.736,38.1744
CHO,-78.45290375,38.1385994
ROA,-79.97540283,37.32550049
LEX,-84.60590363,38.03649902
EVV,-87.53240204,38.03699875
ABQ,-106.6090012,35.04019928
BZN,-111.1529999,45.77750015
BIL,-108.5429993,45.80770111
BTM,-112.4970016,45.95479965
TVC,-85.5821991,44.74140167
BHB,-68.3615036,44.45000076
RKD,-69.09919739,44.06010056
JAC,-110.737999,43.6072998
RFD,-89.09719849,42.19540024
GSP,-82.21890259,34.89569855
BMI,-88.91590118,40.47710037
GPT,-89.07009888,30.40730095
AZO,-85.55210114,42.23490143
TOL,-83.80780029,41.58679962
FWA,-85.19509888,40.97850037
DEC,-88.86569977,39.83459854
CID,-91.71080017,41.88470078
LSE,-91.256699,43.879002
CWA,-89.66680145,44.77759933
PIA,-89.69329834,40.66419983
ATW,-88.51909637,44.2580986
RST,-92.5,43.90829849
CMI,-88.27809906,40.03919983
MHK,-96.67079926,39.14099884
FKL,-79.86039734,41.37789917
GJT,-108.5270004,39.12239838
SGU,-113.5103056,37.03638889
DWH,-95.55280304,30.0618
S46,-96.44439697,28.42970085
SRQ,-82.55439758,27.39539909
VNY,-118.4899979,34.20980072
MLI,-90.50749969,41.44850159
PFN,-85.6828,30.212099
BIS,-100.7460022,46.77270126
TEX,-107.9079971,37.9538002
RAP,-103.0569992,44.04529953
CLD,-117.2799988,33.12829971
FNT,-83.74359894,42.9654007
RDD,-122.2929993,40.50899887
EUG,-123.211998,44.12459946
IDA,-112.0709991,43.51459885
MFR,-122.8730011,42.37419891
RDM,-121.1500015,44.2541008
CAK,-81.44219971,40.91609955
HSV,-86.77510071,34.6371994
PKB,-81.43920135,39.3451004
MGM,-86.39399719,32.30059814
TRI,-82.40740204,36.47520065
PAH,-88.77380371,37.06079865
PGA,-111.447998,36.92610168
FCA,-114.2559967,48.3105011
MBS,-84.07959747,43.53290176
BGM,-75.97979736,42.20869827
BLH,-114.7170029,33.61920166
PSG,-132.9450073,56.80170059
SFB,-81.23750305,28.77759933
JST,-78.83390045,40.31610107
MSO,-114.0910034,46.91630173
GCN,-112.1470032,35.95240021
SGR,-95.65650177,29.62229919
APA,-104.848999,39.57009888
CVN,-103.0790024,34.42509842
FST,-102.9160004,30.91570091
LVS,-105.1419983,35.65420151
IWS,-95.67259979,29.81819916
LHX,-103.5090027,38.04970169
LRU,-106.9219971,32.28939819
BKD,-98.89099884,32.71900177
TPL,-97.40779877,31.15250015
OZA,-101.2030029,30.73530006
EGE,-106.9179993,39.64260101
CGF,-81.48639679,41.56510162
MFD,-82.51660156,40.82139969
CSG,-84.93890381,32.5163002
LAW,-98.41660309,34.56769943
FNL,-105.0110016,40.4518013
FLG,-111.6709976,35.13850021
TVL,-119.9950027,38.89390182
TWF,-114.487999,42.48180008
MVY,-70.61430359,41.39310074
CON,-71.50229645,43.20270157
GON,-72.04509735,41.33010101
STC,-94.05989838,45.54660034
GTR,-88.59140015,33.45029831
HQM,-123.9369965,46.97119904
ERI,-80.17386675,42.08312701
HYA,-70.28040314,41.66930008
SDX,-111.788002,34.84859848
MGW,-79.91629791,39.64289856
CRW,-81.59320068,38.37310028
AVP,-75.7233963,41.33850098
BJI,-94.93370056,47.50939941
FAR,-96.81580353,46.92070007
MKC,-94.59279633,39.12319946
GCC,-105.5390015,44.34889984
SCE,-77.84870148,40.84930038
MEI,-88.75189972,32.33259964
SPI,-89.67790222,39.84410095
CEZ,-108.6279984,37.3030014
HDN,-107.2180023,40.48120117
GUP,-108.7890015,35.51110077
LBL,-100.9599991,37.0442009
LAA,-102.6880035,38.06969833
GLD,-101.6989975,39.37060165
COD,-109.0240021,44.52019882
SGF,-93.38860321,37.24570084
JLN,-94.49829865,37.15179825
ABE,-75.44080353,40.65209961
XNA,-94.306801,36.281898
SBN,-86.31729889,41.70869827
SMD,-85.15280151,41.14339828
ACV,-124.1090012,40.97809982
OAJ,-77.61209869,34.82920074
TCL,-87.61139679,33.22060013
DBQ,-90.70950317,42.40200043
ABR,-98.42179871,45.44910049
ABY,-84.19450378,31.53549957
AHN,-83.32630157,33.94860077
ALM,-105.9909973,32.83990097
ALO,-92.40029907,42.55709839
ALW,-118.288002,46.09489822
APN,-83.56030273,45.0780983
ATY,-97.15470123,44.91400146
BFD,-78.64009857,41.80310059
BFF,-103.5960007,41.87400055
BKW,-81.12419891,37.78730011
BQK,-81.46649933,31.25880051
BRL,-91.12550354,40.78319931
CEC,-124.2369995,41.78020096
CGI,-89.57080078,37.22529984
CIU,-84.47239685,46.25080109
CKB,-80.22810364,39.29660034
CLM,-123.5,48.12020111
CMX,-88.4890976,47.16839981
DDC,-99.96559906,37.76340103
DUJ,-78.8986969,41.17829895
EAU,-91.48429871,44.86579895
EKO,-115.7919998,40.82490158
EWB,-70.95690155,41.67610168
FAY,-78.88030243,34.99119949
GGW,-106.6149979,48.21250153
GRI,-98.30960083,40.96749878
HOT,-93.09619904,34.47800064
HTS,-82.55799866,38.36669922
IRK,-92.54489899,40.09349823
JMS,-98.67819977,46.92969894
LAR,-105.6750031,41.31209946
LBE,-79.40480042,40.27590179
LBF,-100.6839981,41.12620163
LEB,-72.30419922,43.62609863
LMT,-121.7330017,42.15610123
LNS,-76.2960968,40.12170029
LWT,-109.4670029,47.04930115
LYH,-79.20040131,37.3266983
MKG,-86.23819733,43.16949844
MLS,-105.8860016,46.4280014
MSL,-87.61019897,34.74530029
OTH,-124.2460022,43.417099
OWB,-87.16680145,37.74010086
PIB,-89.33709717,31.46710014
PIH,-112.5960007,42.90980148
PIR,-100.2860031,44.38270187
PLN,-84.79669952,45.57089996
PSM,-70.82330322,43.07789993
RDG,-75.96520233,40.37850189
RHI,-89.46749878,45.63119888
RKS,-109.0650024,41.59420013
RUT,-72.94960022,43.52939987
SBP,-120.6419983,35.23680115
SHR,-106.9800034,44.76919937
SLK,-74.20619965,44.38529968
SLN,-97.65219879,38.79100037
SMX,-120.4570007,34.89889908
TUP,-88.76989746,34.26810074
UIN,-91.19460297,39.94269943
VCT,-96.91850281,28.8526001
VLD,-83.27670288,30.78249931
WRL,-107.9509964,43.96569824
YKM,-120.5439987,46.56819916
ADK,-176.6459961,51.87799835
GST,-135.7070007,58.4253006
SGY,-135.3159943,59.46009827
HCR,-159.7749939,62.18830109
HNS,-135.5240021,59.24380112
KLG,-160.3410034,61.53630066
MCG,-155.6060028,62.95289993
MOU,-163.6820068,62.09540176
ANI,-159.5429993,61.58160019
VAK,-165.6005,61.5409
WRG,-132.3699951,56.48429871
LUP,-156.973999,21.21100044
WKK,-158.6179962,59.2826004
BLF,-81.20770264,37.29579926
GLH,-90.98560333,33.48289871
PSC,-119.1190033,46.26470184
KQA,-165.7788956,54.13377044
LPS,-122.9380035,48.48389816
WKL,-155.8607,19.9205
ORH,-71.8757019,42.26729965
PWT,-122.7649994,47.49020004
SPW,-95.20279694,43.16550064
JEF,-92.15609741,38.59120178
PVC,-70.2213974,42.07189941
FUL,-117.9800034,33.87200165
\N,-80.709099,35.387798
SUN,-114.2959976,43.50439835
MCW,-93.33129883,43.15779877
AZA,-111.6549988,33.30780029
AKP,-151.7429962,68.13359833
ANV,-160.190994,62.646702
ATK,-157.4360046,70.46730042
GAM,-171.7330017,63.76679993
HPB,-166.1470032,61.52389908
KAL,-158.7409973,64.31909943
KSM,-163.302002,62.0605011
KVL,-164.5630035,67.73619843
MYU,-166.2709961,60.37139893
RBY,-155.4700012,64.72720337
SHH,-166.089112,66.249604
SVA,-170.4929962,63.68640137
WTK,-162.9750061,67.56610107
ARC,-145.578995,68.1147
HGR,-77.72949982,39.707901
SDP,-160.522995,55.31499863
DRG,-162.7660065,66.06960297
IGG,-155.9019928,59.32400131
KNW,-157.3280029,59.44990158
KVC,-162.2660065,55.11629868
PTH,-158.6329956,56.95909882
TOG,-160.3970032,59.05279922
ESC,-87.09369659,45.72269821
YAK,-139.6600037,59.50329971
MWA,-89.01110077,37.75500107
IMT,-88.11450195,45.81840134
\N,-87.56140137,46.53390121
AET,-152.621994,66.55180359
MGC,-86.82119751,41.70330048
SWD,-149.4190063,60.12689972
GRM,-90.38289642,47.8382988
AUW,-89.62660217,44.92620087
MIE,-85.39589691,40.24229813
LAF,-86.93689728,40.41230011
\N,-83.88269806,38.88190079
VGT,-115.1940002,36.21070099
ENW,-87.92780304,42.59569931
MTJ,-107.8939972,38.50979996
RIW,-108.4599991,43.06420136
PDT,-118.8410034,45.69509888
OSH,-88.55699921,43.9844017
EAT,-120.2070007,47.39889908
\N,-97.4414978,32.76919937
GYY,-87.41280365,41.61629868
BRD,-94.13809967,46.39830017
LWB,-80.39949799,37.85829926
PGV,-77.38529968,35.6352005
CYF,-164.2859955,60.14920044
OXR,-119.2070007,34.20080185
SCH,-73.92890167,42.85250092
UST,-81.33979797,29.95919991
STS,-122.8130035,38.50899887
ISM,-81.43710327,28.28980064
LCQ,-82.57689667,30.18199921
\N,-81.28379822,29.06699944
\N,-81.68515,29.904057
LGU,-111.8519974,41.79119873
BMC,-112.0619965,41.55239868
MLD,-112.2969971,42.16659927
ASE,-106.8690033,39.22320175
ERV,-99.08570099,29.97669983
GED,-75.35890198,38.68920135
GBN,-98.85919952,38.34429932
HYS,-99.27320099,38.84220123
SUS,-90.65200043,38.66210175
LYU,-91.83070374,47.82450104
GPZ,-93.50980377,47.21110153
TVF,-96.18499756,48.06570053
EGV,-89.26830292,45.93230057
ARV,-89.73090363,45.92789841
IKV,-93.56639862,41.69139862
NGP,-97.29109955,27.69260025
AVX,-118.416,33.4049
MHV,-118.1520004,35.05939865
HUT,-97.86060333,38.06549835
STJ,-94.90969849,39.77190018
VOK,-90.25340271,43.93899918
GUC,-106.9329987,38.53390121
TOA,-118.3399963,33.80339813
MBL,-86.24690247,44.2723999
PGD,-81.9905014,26.92020035
WFK,-68.31279755,47.28549957
JHW,-79.25800323,42.15340042
SME,-84.61589813,37.05339813
SHD,-78.89640045,38.26380157
DVL,-98.90879822,48.11420059
DIK,-102.802002,46.79740143
SDY,-104.1930008,47.70690155
CDR,-103.0950012,42.83760071
AIA,-102.8040009,42.05319977
MCK,-100.5920029,40.20629883
MTH,-81.05139923,24.72610092
GDV,-104.8069992,47.13869858
OLF,-105.5749969,48.0945015
WYS,-111.1179962,44.68840027
ALS,-105.866997,37.434898
CNY,-109.7549973,38.75500107
ELY,-114.8420029,39.29970169
VEL,-109.5100021,40.4408989
SRR,-105.5350037,33.46279907
SOW,-110.0059967,34.26549912
MYL,-116.1009979,44.88970184
SMN,-113.8809967,45.12379837
MMH,-118.8379974,37.62409973
FRD,-123.0240021,48.52199936
ESD,-122.9100037,48.70819855
AST,-123.8789978,46.15800095
ONP,-124.0579987,44.58039856
EMK,-164.4909973,62.78609848
UNK,-160.798996,63.88840103
UUK,-149.5980072,70.33080292
SHX,-159.5690002,62.69229889
NUI,-151.0059967,70.20999908
EEK,-162.0438843,60.21367264
KUK,-162.5240021,60.87440109
KWT,-161.4440002,60.79029846
KWK,-163.169005,59.876499
MLL,-162.026001,61.86429977
RSH,-161.319458,61.77888489
KGK,-157.2590027,59.72660065
KMO,-159.0500031,58.99020004
CIK,-143.7400055,66.64499664
EAA,-141.151001,64.77639771
HUS,-154.2630005,66.04109955
HSL,-156.3509979,65.69789886
NUL,-158.0740051,64.72930145
VEE,-146.3659973,67.00869751
WBQ,-147.4069977,66.36219788
CEM,-144.7830048,65.57379913
SHG,-157.1620026,66.88809967
IYK,-117.8300018,35.65879822
VIS,-119.3929977,36.31869888
MCE,-120.5139999,37.28469849
\N,-112.3759995,33.42250061
AGN,-134.585007,57.503601
ELV,-136.3470001,58.19520187
FNR,-134.897995,58.25439835
HNH,-135.410111,58.0961
AFE,-133.9100037,56.96139908
MTM,-131.5780029,55.13100052
HYG,-132.8280029,55.20629883
EGX,-157.375,58.1855011
KPV,-159.162993,55.905998
PIP,-157.5720062,57.58039856
WSN,-157.0079956,58.70339966
AKK,-154.1829987,56.93870163
KYK,-154.4499969,57.56710052
KLN,-153.9779968,57.53509903
ABL,-157.8569946,67.10630035
BKC,-161.1490021,65.9815979
IAN,-160.4369965,66.97599792
OBU,-156.8970032,66.91230011
ORV,-161.0189972,66.81790161
WLK,-159.9859924,66.60009766
KTS,-166.4660034,65.33129883
ELI,-162.2720032,64.61470032
GLV,-163.0070038,64.55049896
TLA,-166.3390045,65.24040222
WAA,-168.095,65.622593
WMO,-163.4129944,64.68920136
KKA,-161.154007,64.9394989
SMK,-162.1100006,63.49010086
SKK,-161.223999,64.37110138
TNC,-167.9219971,65.56310272
AKB,-174.2059937,52.22029877
CYT,-142.4929962,60.08200073
AUK,-164.6599274,62.68004227
KPN,-164.0310059,59.93299866
KFP,-163.4100037,54.84740067
NLG,-161.1600037,56.00749969
PML,-160.5610046,56.00600052
KLW,-133.076004,55.57920074
KWN,-161.8450012,59.75510025
KOT,-163.5330048,63.0306015
KYU,-157.727005,64.87609863
SCM,-165.5709991,61.84529877
NNL,-154.8390045,59.98020172
KKH,-162.8809967,59.96080017
NIB,-154.3580017,63.01860046
AKI,-161.2310028,60.9029007
AIN,-159.9949951,70.63800049
NCN,-147.9920044,60.07730103
TKJ,-142.9539948,63.32949829
IRC,-144.076008,65.830498
SLQ,-157.1660004,61.70050049
HKB,-148.9689941,63.86619949
AQC,-133.102005,55.55469894
MHM,-152.302002,63.88600159
MLY,-150.6439972,64.99759674
MRB,-77.98459625,39.40190125
RKH,-81.05719757,34.9878006
AGC,-79.93019867,40.35440063
\N,-81.87670136,30.21870041
FTY,-84.52140045,33.77909851
OSU,-83.07299805,40.07979965
ADS,-96.83640289,32.96860123
DTS,-86.47149658,30.40010071
ISO,-77.6088028,35.33140183
FFA,-75.6713028,36.01819992
PVU,-111.7229996,40.21920013
SBS,-106.8659973,40.5163002
DTA,-112.5080032,39.38059998
RIF,-112.098999,38.7364006
PUC,-110.7509995,39.61389923
LAM,-106.2689972,35.87979889
HII,-114.358002,34.571098
INW,-110.7229996,35.02190018
DGL,-109.5059967,31.34259987
BOW,-81.78340149,27.94339943
LVK,-121.8199997,37.69340134
RMY,-120.0400009,37.51089859
TRM,-116.1600037,33.62670135
SMO,-118.4509964,34.01580048
UDD,-116.2750015,33.74840164
ZSY,-111.9110031,33.6228981
OLM,-122.9029999,46.9693985
DWA,-121.8570023,38.57910156
RIL,-107.7269974,39.52629852
SAA,-106.8239975,41.44490051
PDK,-84.30200195,33.87559891
BMG,-86.61669922,39.14599991
SUA,-80.22109985,27.18169975
MMU,-74.41490173,40.79940033
APC,-122.280998,38.2132
SDM,-116.9800034,32.57229996
VNC,-82.44029999,27.07159996
PHK,-80.69339752,26.78499985
ECP,-85.795414,30.357106
SBD,-117.2350006,34.09540176
SQL,-122.25,37.51190186
RWI,-77.89189911,35.85630035
\N,-148.7220001,60.77719879
SXQ,-151.0339966,60.47570038
SEE,-116.9720001,32.82619858
\N,-118.5879974,33.02270126
TKF,-120.1399994,39.31999969
RYY,-84.59860229,34.01319885
4U9,-112.7200012,44.7356987
LVM,-110.447998,45.69940186
6S0,-109.9810028,45.8064003
BIV,-86.10739899,42.74290085
\N,-110.2009964,37.01670074
LAL,-82.01860046,27.98889923
IDL,-90.678902,33.485699
RBK,-117.1279984,33.57419968
PCW,-82.86869812,41.5163002
MGY,-84.22489929,39.5890007
RID,-84.84279633,39.75719833
FDY,-83.66870117,41.01350021
SPF,-103.7829971,44.4803009
OLV,-89.78690338,34.97869873
BJC,-105.1169968,39.90879822
SLE,-123.0029984,44.90950012
UTM,-90.34670258,34.68099976
MWC,-88.03440094,43.11040115
JVL,-89.04160309,42.62030029
GKY,-97.09429932,32.66389847
LZU,-83.96240234,33.97809982
BWG,-86.41970062,36.96450043
RVS,-95.98459625,36.03960037
BCE,-112.1449966,37.70640183
\N,-79.47489929,36.04850006
JCI,-94.89029694,38.83089828
ESN,-76.06900024,38.80419922
MYV,-121.5699997,39.09780121
DUC,-97.9598999,34.47090149
UVA,-99.74359894,29.2112999
LOT,-88.09619904,41.6072998
CCR,-122.0569992,37.98970032
OCA,-80.27480316,25.3253994
\N,-82.23139954,39.21099854
SGH,-83.84020233,39.84030151
TOP,-95.62249756,39.06869888
\N,-99.82389832,29.22940063
\N,-86.507262,37.610022
\N,-86.52010345,36.00899887
\N,-85.89810181,35.20510101
TKI,-96.59049988,33.17789841
PWK,-87.901494,42.114222
KLS,-122.8980026,46.11800003
ILN,-83.792099,39.42789841
AVW,-111.2180023,32.4095993
CGZ,-111.766998,32.954899
\N,-112.2689972,33.11190033
BXK,-112.685997,33.42039871
E63,-112.6780014,32.95809937
MMI,-84.56259918,35.39730072
STK,-103.2649994,40.61529922
RWL,-107.1999969,41.80559921
CDW,-74.28140259,40.87519836
AIZ,-92.54949951,38.09600067
TVI,-83.88130188,30.90159988
HSH,-115.1340027,35.97280121
TMA,-83.4885025,31.42900085
DVT,-112.0830002,33.68830109
\N,-73.41339874,40.72880173
HDO,-99.17669678,29.35950089
MCL,-148.9109955,63.73260117
LHD,-149.9720001,61.18000031
PPC,-150.6439972,66.81410217
HLG,-80.64630127,40.17499924
FZG,-83.27050018,31.68370056
RKP,-97.04460144,28.08679962
CKF,-83.77390289,31.98880005
OMN,-81.11360168,29.30060005
TTD,-122.401001,45.54940033
HIO,-122.949997,45.540401
\N,-73.99960327,40.71260071
\N,-121.2009964,44.09479904
\N,-120.6660004,43.23649979
\N,-118.9550018,43.59189987
\N,-120.9039993,44.28699875
\N,-122.2519989,40.15069962
\N,-122.5559998,38.14360046
\N,-120.3990021,42.16109848
\N,-123.814003,45.41820145
\N,-117.0139999,44.02050018
\N,-121.1669998,45.61849976
GAI,-77.16600037,39.16830063
CVX,-85.27480316,45.30479813
XFL,-81.20629883,29.4673996
MVL,-72.61399841,44.5345993
RBD,-96.86820221,32.68090057
WST,-71.80339813,41.34960175
BID,-71.57779694,41.16809845
NME,-164.701004,60.47100067
OOK,-165.0870056,60.54140091
BGE,-84.63739777,30.9715004
SPZ,-119.2509995,39.40299988
WHP,-118.413002,34.25930023
MAE,-120.1119995,36.98860168
AAF,-85.02749634,29.72750092
DQH,-82.86049652,31.47669983
FRP,-80.36830139,27.49510002
TAN,-71.01660156,41.87440109
PYM,-70.72879791,41.9090004
OQU,-71.41210175,41.5970993
OWD,-71.17289734,42.19049835
BAF,-72.715599,42.157799
IJD,-72.18029785,41.74399948
MGJ,-74.26460266,41.50999832
CXY,-76.85150146,40.21709824
GHG,-70.67220306,42.09830093
DXR,-73.48220062,41.37149811
ASH,-71.51480103,42.78170013
LWM,-71.12339783,42.71720123
OXC,-73.1352005,41.47859955
FIT,-71.75900269,42.55410004
\N,-84.88469696,33.75650024
VPC,-84.84870148,34.12310028
PYP,-85.610069,34.089977
RMG,-85.15799713,34.3506012
GAD,-86.088996,33.972599
DKX,-83.87390137,35.96390152
WDR,-83.66739655,33.98289871
JYL,-81.5970993,32.64530182
DNN,-84.87020111,34.72290039
CTJ,-85.15200043,33.63100052
LGC,-85.07260132,33.00889969
MLJ,-83.24069977,33.15420151
PIM,-84.88240051,32.84069824
FFC,-84.57180023,33.3572998
GVL,-83.8302002,34.27259827
PHD,-81.41970062,40.47090149
UDG,-79.89009857,34.44940186
HHH,-80.69750214,32.22439957
DNL,-82.03939819,33.46649933
MRN,-81.61139679,35.82020187
PBX,-82.56639862,37.5617981
\N,-84.16519928,33.36569977
TOC,-83.29579926,34.59379959
AFW,-97.31880188,32.98759842
57C,-88.37259674,42.79719925
LWC,-95.21659851,39.01119995
EGT,-97.38829803,37.32360077
PMP,-80.11109924,26.24710083
EET,-86.78279877,33.17699814
\N,-111.8980026,33.81809998
UMP,-86.04499817,39.93519974
LOZ,-84.0848999,37.0821991
FBG,-78.93669891,35.13180161
RAC,-87.81520081,42.76060104
REI,-117.1460037,34.08530045
RIR,-117.4110031,33.98970032
TIW,-122.5780029,47.26789856
JKA,-87.67179871,30.29050064
HZL,-75.99490356,40.98680115
CBE,-78.7609024,39.61539841
\N,-81.57980347,24.6487999
LNR,-90.18160248,43.21170044
\N,-90.40249634,45.70899963
\N,-89.5904007,42.61489868
JOT,-88.17549896,41.51779938
VYS,-89.153099,41.351898
JXN,-84.45939636,42.25979996
\N,-79.65709686,39.95920181
\N,-78.5121994,40.08530045
BBX,-75.26509857,40.13750076
OBE,-80.84980011,27.26280022
SEF,-81.3423996,27.45639992
AVO,-81.52780151,27.59119987
GIF,-81.75330353,28.06290054
ZPH,-82.15589905,28.22820091
OCF,-82.22419739,29.17259979
JES,-81.88249969,31.55400085
52A,-83.46040344,33.61209869
CCO,-84.76979828,33.31159973
HQU,-82.51650238,33.52970123
AIK,-81.68499756,33.6493988
CDN,-80.56490326,34.28359985
LBT,-79.05940247,34.60990143
SOP,-79.3911972,35.23740005
RCZ,-79.759598,34.8913
DLL,-89.77020264,43.52270126
SVH,-80.9539032,35.76530075
BUU,-88.30460358,42.69070053
LHV,-77.42230225,41.13560104
\N,-80.16069794,40.80160141
LPR,-82.17759705,41.34429932
BKL,-81.6832962,41.51750183
DKK,-79.27200317,42.49330139
VAY,-74.84570313,39.94290161
LDJ,-74.24459839,40.61740112
ANQ,-85.083504,41.639702
\N,-85.84010315,41.27470016
VNW,-84.60939789,40.86470032
\N,-84.95549774,42.25120163
GVQ,-78.16760254,43.03170013
CLW,-82.75869751,27.97669983
CGX,-87.60790253,41.85879898
JZP,-84.45739746,34.45339966
CRE,-78.72389984,33.81169891
IGQ,-87.52950287,41.53490067
RNM,-116.9150009,33.03919983
OEB,-85.05259705,41.9333992
WBW,-75.85119629,41.29719925
LNN,-81.38970184,41.68399811
FFT,-84.90470123,38.18249893
LEW,-70.28350067,44.04850006
\N,-90.48349762,43.97499847
MRK,-81.67250061,25.99500084
DRM,-83.74389648,46.00930023
GDW,-84.47499847,43.97060013
LWA,-86.25569916,42.3512001
MFI,-90.18930054,44.63690186
ISW,-89.83899689,44.36029816
CWI,-90.32910156,41.83110046
BVY,-70.91649628,42.58420181
POF,-90.32489777,36.77389908
\N,-74.67019653,40.62599945
EPM,-67.01270294,44.91009903
EOK,-91.42849731,40.4598999
STP,-93.05999756,44.93450165
\N,-88.47229767,43.13890076
\N,-84.52200317,39.36380005
FLD,-88.48840332,43.77119827
PCZ,-89.01979828,44.33330154
STE,-89.53029633,44.54520035
ERY,-85.45729828,46.31119919
GQQ,-82.72380066,40.7533989
CKV,-87.41500092,36.62189865
LPC,-120.4680023,34.66559982
CTH,-75.8655014,39.97900009
LKP,-73.9618988,44.26449966
AOH,-84.026703,40.706902
SSI,-81.39129639,31.15180016
BFP,-80.3914032,40.77249908
GGE,-79.31960297,33.31169891
HDI,-84.83239746,35.2201004
RNT,-122.2160034,47.49309921
POC,-117.7819977,34.09159851
CTY,-83.10479736,29.63549995
CEU,-82.8864975,34.6719017
BEC,-97.21499634,37.69449997
\N,-84.93920135,34.45539856
\N,-83.55670166,34.49990082
GTU,-97.67939758,30.67880058
\N,-73.86289978,41.9715004
SNY,-102.9850006,41.10129929
\N,-158.070009,21.3074
ECA,-83.422302,44.312801
\N,-86.55750275,34.8614006
JYO,-77.55750275,39.07799911
\N,-93.21140289,45.14500046
SDC,-77.1210022,43.23469925
WBU,-105.2259979,40.03939819
PAO,-122.1149979,37.46110153
FFZ,-111.7279968,33.46080017
P08,-111.427002,32.93590164
P52,-112.0350037,34.72999954
A39,-111.9185278,32.9908056
E25,-112.7990036,33.96889877
PTK,-83.42009735,42.66550064
EEN,-72.27079773,42.89839935
\N,-106.5279999,48.42110062
IOW,-91.54650116,41.6391983
MWM,-95.10939789,43.91339874
\N,-119.6520004,44.6617012
ANP,-76.568398,38.942902
PEQ,-103.5110016,31.38240051
HBG,-89.25279999,31.26479912
YKN,-97.3859024,42.91669846
HWD,-122.1220016,37.65919876
ARB,-83.74559784,42.22299957
4A7,-84.332397,33.389099
\N,-64.51779938,-17.91360092
IMM,-81.40100098,26.43320084
\N,-121.1100006,35.60770035
PTB,-77.50740051,37.18379974
SBM,-87.85140228,43.76959991
MZJ,-111.3280029,32.51060104
GEU,-112.2949982,33.52690125
SAD,-109.6350021,32.85480118
SIK,-89.5617981,36.89889908
GFL,-73.61029816,43.34120178
5B2,-73.86119843,43.05130005
CGC,-82.57129669,28.86730003
MTN,-76.4138031,39.32569885
LHM,-121.3509979,38.90919876
FZI,-83.39450073,41.19079971
IZG,-70.94789886,43.99110031
\N,-82.25119781,26.85449982
NEW,-90.02829742,30.04240036
COE,-116.8199997,47.77429962
BMT,-94.21579742,30.07069969
DNV,-87.59590149,40.19919968
TIX,-80.79920197,28.51479912
AAP,-95.58830261,29.72249985
FCM,-93.45709991,44.82720184
OJC,-94.73760223,38.84759903
OQN,-75.58190155,39.99010086
MNZ,-77.51540375,38.72140121
\N,-95.46209717,29.10860062
2H0,-88.84539795,39.41040039
\N,-122.0220032,47.1957016
FDW,-81.1088028,34.31549835
DAW,-70.9292984,43.28409958
EWK,-97.27449799,38.05820084
TZR,17.91749954,46.39310074
FBR,-110.4069977,41.39189911
S40,-119.7910004,46.21340179
CLS,-122.9830017,46.67699814
M94,-119.9209976,46.68740082
EVW,-111.0350037,41.27479935
K83,-95.77940369,39.90420151
LRO,-79.78289795,32.89780045
\N,-84.18890381,32.1108017
EUF,-85.12889862,31.95129967
6J4,-81.79460144,33.92679977
MEO,-75.69550323,35.91899872
AUO,-85.43399811,32.61510086
CZG,-76.096296,42.078499
EKY,-86.92590332,33.31290054
A50,-104.4100037,38.87440109
MIC,-93.35389709,45.06200027
23M,-88.73889923,32.0848999
DBN,-82.98529816,32.56439972
CVO,-123.2900009,44.49720001
\N,-71.79333496,-35.96055603
\N,-84.8833313,10.0666666
CWT,148.6490021,-33.84469986
OGD,-112.012001,41.19589996
RKR,-94.62129974,35.02159882
AKO,-103.2220001,40.17559814
SHN,-123.1480026,47.23360062
WNA,-161.9790039,60.69029999
PKA,-161.7779999,60.70289993
\N,-143.001111,63.303333
2A5,-79.61759949,35.91180038
DYL,-75.12229919,40.33300018
OCW,-77.04979706,35.57049942
7W6,-75.9552002,35.56240082
\N,-97.08570099,36.16120148
\N,-95.94869995,35.66809845
\N,-96.77310181,35.94990158
\N,-99.20050049,35.33980179
\N,-97.03759766,37.16859818
\N,-97.64710236,35.53419876
\N,-93.74500275,32.54019928
\N,-98.17769623,32.21530151
\N,-97.27719879,36.38560104
\N,-98.14859772,31.66589928
\N,-96.6713028,34.8042984
\N,-96.53040314,32.74700165
\N,-97.19799805,33.20069885
\N,-97.5663935,30.3974931
\N,-97.96949768,30.49860001
\N,-96.3742981,30.21899986
\N,-97.99449921,30.35750008
\N,-101.8919983,30.90570068
\N,-98.4253006,29.81270027
UKF,-81.09829712,36.22280121
JZI,-80.00289917,32.70090103
DAN,-79.33609772,36.57289886
0V4,-79.0164032,37.14170074
CQW,-79.95700073,34.71289825
\N,-81.88050079,27.51490021
HYW,-79.12220001,33.82849884
HBI,-79.8946991,35.65449905
\N,-78.00360107,34.71789932
EMV,-77.48280334,36.68690109
EMT,-118.0350037,34.08610153
I16,-81.55930328,37.60039902
SSF,-98.47109985,29.33699989
JSV,-94.80280304,35.4382019
JAS,-94.03489685,30.88570023
87K,-93.99909973,37.8567009
MRF,-104.017997,30.371099
E38,-103.6839981,30.38419914
CCB,-117.6880035,34.11159897
IOB,-83.979599,38.05810165
EKI,-86.00319672,41.7193985
C03,-85.93479919,41.44620132
CUB,-80.99520111,33.97050095
GMJ,-94.73860168,36.60680008
MPR,-97.69129944,38.35240173
GYH,-82.37640381,34.75830078
PXE,-83.76730347,32.51060104
HVS,-80.11920166,34.40309906
IGX,-79.065902,35.935001
SUT,-78.07499695,33.9292984
FCI,-77.52500153,37.40650177
HNZ,-78.52919769,36.36159897
LEE,-81.80870056,28.82309914
CNO,-117.637001,33.97470093
UYF,-83.46199799,39.93270111
PRB,-120.6269989,35.67290115
HAF,-122.5009995,37.51340103
WJF,-118.2190018,34.74110031
TDF,-78.98419952,36.28490067
ASN,-86.05090332,33.56990051
GMU,-82.34999847,34.84790039
MKT,-93.91870117,44.22159958
TOI,-86.01210022,31.86039925
SCD,-86.30549622,33.17179871
EDN,-85.89990234,31.29969978
\N,-111.1750031,32.14220047
ALX,-85.96299744,32.91469955
\N,-72.82949829,41.50870132
\N,-75.86630249,38.9701004
UWL,-85.32649994,39.87590027
TQK,-100.8850021,38.47430038
HDE,-99.336502,40.452099
PTT,-98.74690247,37.70159912
AHQ,-96.59400177,41.24129868
LXN,-99.77729797,40.79100037
19S,-100.8300018,37.49140167
CBF,-95.76059723,41.25920105
OKK,-86.05899811,40.52819824
2K7,-95.64610291,37.4353981
\N,-148.3549957,61.79560089
EHA,-101.879997,37.000702
FTG,-104.5429993,39.78530121
GBG,-90.43109894,40.93799973
GUY,-101.5080032,36.68510056
MEJ,-100.3560028,37.27690125
\N,-93.66690063,36.59170151
ULS,-101.3740005,37.60400009
\N,-103.0670013,39.27999878
IDP,-95.77839661,37.15840149
3AU,-97.07790375,37.67160034
LQR,-99.08599854,38.20859909
LZZ,-98.19589996,31.10619926
BYY,-95.8635025,28.97330093
PRX,-95.45079803,33.63660049
CFV,-95.57189941,37.09400177
\N,-81.42970276,33.93579865
GXY,-104.6330032,40.43740082
\N,-90.05400085,35.20069885
OEL,36.00220108,52.93470001
FET,-96.52020264,41.44910049
LGD,-118.0070038,45.29019928
MPO,-75.37889862,41.13750076
UKT,-75.38189697,40.43519974
BNG,-116.8509979,33.92309952
OFK,-97.43509674,41.98550034
AWO,-122.1589966,48.16070175
TPF,-82.44930267,27.91559982
MTP,-71.92079926,41.07649994
VPZ,-87.00710297,41.45399857
LDM,-86.40789795,43.96250153
RHV,-121.8190002,37.332901
\N,-119.0940018,34.21369934
WVI,-121.7900009,36.93569946
JGG,-76.7161026,37.23920059
MRT,-83.35160065,40.22470093
ALN,-90.04599762,38.89030075
AXN,-95.3946991,45.86629868
CLU,-85.89630127,39.26190186
BBD,-99.32389832,31.17930031
BIH,-118.3639984,37.37310028
BKE,-117.8089981,44.83729935
BPI,-110.1110001,42.58509827
WMH,-92.47049713,36.3689003
BTL,-85.25150299,42.30730057
BYI,-113.7720032,42.54259872
CCY,-92.6108017,43.07260132
CNU,-95.48509979,37.66880035
CRG,-81.51439667,30.3362999
CSV,-85.08499908,35.95130157
DAA,-77.18099976,38.71500015
DAG,-116.7870026,34.85369873
DMN,-107.7210007,32.26229858
DRA,-116.032997,36.6194
EED,-114.6230011,34.7663002
EGI,-86.52290344,30.65040016
EKA,-124.112999,40.80339813
HYI,-97.86299896,29.8927002
HYR,-91.44429779,46.02519989
JCT,-99.7634964,30.51129913
LLQ,-91.75099945,33.6385994
LOL,-118.5650024,40.06639862
MBG,-100.4079971,45.54650116
MCB,-90.47190094,31.17849922
MDH,-89.2519989,37.77809906
MMT,-80.80130005,33.92079926
NHZ,-69.93859863,43.89220047
NRB,-81.42469788,30.39109993
OGB,-80.85949707,33.45679855
OLU,-97.34259796,41.44800186
OTM,-92.44789886,41.10660172
OZR,-85.71340179,31.27569962
PWY,-109.8069992,42.79550171
POU,-73.88420105,41.62659836
RNH,-92.5381012,45.14830017
RSL,-98.8117981,38.87210083
RWF,-95.08229828,44.54719925
SNS,-121.6060028,36.66279984
SOA,-100.6490021,30.58569908
SUZ,-92.47940063,34.59059906
TPH,-117.086998,38.06019974
UAO,-122.7699966,45.24710083
UKI,-123.2009964,39.12599945
UOX,-89.53679657,34.38430023
HTV,-95.58719635,30.74690056
VTN,-100.5479965,42.85779953
WMC,-117.8059998,40.89659882
WWR,-99.5226667,36.438
XMR,-80.56659698,28.46759987
\N,-115.810997,37.23500061
ZZV,-81.89209747,39.94440079
ENN,-149.0740051,64.54730225
WWA,-149.5399933,61.57170105